{
  "Update_satellite-35" : {
    "transaction" : "Update_satellite-35",
    "sampleCount" : 9493,
    "errorCount" : 20,
    "errorPct" : 0.21068156,
    "meanResTime" : 3482.158959233101,
    "medianResTime" : 3292.0,
    "minResTime" : 26.0,
    "maxResTime" : 10453.0,
    "pct1ResTime" : 5097.0,
    "pct2ResTime" : 5706.299999999999,
    "pct3ResTime" : 6991.299999999997,
    "throughput" : 3.160903752761587,
    "receivedKBytesPerSec" : 1.4358824971780617,
    "sentKBytesPerSec" : 1.9876451628108502
  },
  "Add_satellite-21" : {
    "transaction" : "Add_satellite-21",
    "sampleCount" : 9930,
    "errorCount" : 22,
    "errorPct" : 0.22155085,
    "meanResTime" : 3486.770392749243,
    "medianResTime" : 3330.0,
    "minResTime" : 24.0,
    "maxResTime" : 11222.0,
    "pct1ResTime" : 5172.9,
    "pct2ResTime" : 5884.449999999999,
    "pct3ResTime" : 7233.0,
    "throughput" : 3.305747706533496,
    "receivedKBytesPerSec" : 1.4819033486383681,
    "sentKBytesPerSec" : 2.0620337351886358
  },
  "Update_satellite" : {
    "transaction" : "Update_satellite",
    "sampleCount" : 9493,
    "errorCount" : 20,
    "errorPct" : 0.21068156,
    "meanResTime" : 3482.159380596234,
    "medianResTime" : 3292.0,
    "minResTime" : 26.0,
    "maxResTime" : 10453.0,
    "pct1ResTime" : 5097.0,
    "pct2ResTime" : 5706.299999999999,
    "pct3ResTime" : 6991.299999999997,
    "throughput" : 3.160903752761587,
    "receivedKBytesPerSec" : 1.4358824971780617,
    "sentKBytesPerSec" : 1.9876451628108502
  },
  "Get_overview" : {
    "transaction" : "Get_overview",
    "sampleCount" : 10355,
    "errorCount" : 0,
    "errorPct" : 0.0,
    "meanResTime" : 3246.9645581844466,
    "medianResTime" : 3115.0,
    "minResTime" : 16.0,
    "maxResTime" : 12467.0,
    "pct1ResTime" : 4839.0,
    "pct2ResTime" : 5514.199999999999,
    "pct3ResTime" : 6925.4400000000005,
    "throughput" : 3.4466655549464393,
    "receivedKBytesPerSec" : 3.4399337862844344,
    "sentKBytesPerSec" : 1.4204031876830052
  },
  "Delete_satellite-37" : {
    "transaction" : "Delete_satellite-37",
    "sampleCount" : 8920,
    "errorCount" : 19,
    "errorPct" : 0.21300448,
    "meanResTime" : 3427.0330717488723,
    "medianResTime" : 3206.0,
    "minResTime" : 24.0,
    "maxResTime" : 11574.0,
    "pct1ResTime" : 5065.700000000002,
    "pct2ResTime" : 5739.849999999997,
    "pct3ResTime" : 7012.949999999995,
    "throughput" : 2.970223509319076,
    "receivedKBytesPerSec" : 0.2973943572746002,
    "sentKBytesPerSec" : 1.5866083523051364
  },
  "Total" : {
    "transaction" : "Total",
    "sampleCount" : 38698,
    "errorCount" : 61,
    "errorPct" : 0.15763089,
    "meanResTime" : 3407.70109566385,
    "medianResTime" : 2884.5,
    "minResTime" : 16.0,
    "maxResTime" : 12467.0,
    "pct1ResTime" : 4071.800000000003,
    "pct2ResTime" : 4545.0,
    "pct3ResTime" : 5465.990000000002,
    "throughput" : 12.881638256248667,
    "receivedKBytesPerSec" : 6.6547394655957595,
    "sentKBytesPerSec" : 7.055529733676672
  },
  "Get_overview-20" : {
    "transaction" : "Get_overview-20",
    "sampleCount" : 10355,
    "errorCount" : 0,
    "errorPct" : 0.0,
    "meanResTime" : 3246.964461612759,
    "medianResTime" : 3115.0,
    "minResTime" : 16.0,
    "maxResTime" : 12467.0,
    "pct1ResTime" : 4839.0,
    "pct2ResTime" : 5514.199999999999,
    "pct3ResTime" : 6925.4400000000005,
    "throughput" : 3.446938615865238,
    "receivedKBytesPerSec" : 3.4402063138811267,
    "sentKBytesPerSec" : 1.4205157186475885
  },
  "Delete_satellite" : {
    "transaction" : "Delete_satellite",
    "sampleCount" : 8920,
    "errorCount" : 19,
    "errorPct" : 0.21300448,
    "meanResTime" : 3427.0330717488728,
    "medianResTime" : 3206.0,
    "minResTime" : 24.0,
    "maxResTime" : 11574.0,
    "pct1ResTime" : 5065.700000000002,
    "pct2ResTime" : 5739.849999999997,
    "pct3ResTime" : 7012.949999999995,
    "throughput" : 2.970222520280426,
    "receivedKBytesPerSec" : 0.29739425824686283,
    "sentKBytesPerSec" : 1.586607823989009
  },
  "Add_satellite" : {
    "transaction" : "Add_satellite",
    "sampleCount" : 9930,
    "errorCount" : 22,
    "errorPct" : 0.22155085,
    "meanResTime" : 3486.7704934541753,
    "medianResTime" : 3330.0,
    "minResTime" : 24.0,
    "maxResTime" : 11222.0,
    "pct1ResTime" : 5172.9,
    "pct2ResTime" : 5884.449999999999,
    "pct3ResTime" : 7233.0,
    "throughput" : 3.305745505534377,
    "receivedKBytesPerSec" : 1.4819023619726412,
    "sentKBytesPerSec" : 2.06203236226643
  }
}