{
  "Update_satellite-35" : {
    "transaction" : "Update_satellite-35",
    "sampleCount" : 4038,
    "errorCount" : 3,
    "errorPct" : 0.0742942,
    "meanResTime" : 4086.9229816741013,
    "medianResTime" : 3879.0,
    "minResTime" : 29.0,
    "maxResTime" : 10453.0,
    "pct1ResTime" : 5820.4,
    "pct2ResTime" : 6273.399999999998,
    "pct3ResTime" : 7593.0300000000025,
    "throughput" : 54.10257784447184,
    "receivedKBytesPerSec" : 24.25514015522,
    "sentKBytesPerSec" : 32.591458461734284
  },
  "Add_satellite-21" : {
    "transaction" : "Add_satellite-21",
    "sampleCount" : 4250,
    "errorCount" : 4,
    "errorPct" : 0.09411765,
    "meanResTime" : 4141.752470588243,
    "medianResTime" : 4026.0,
    "minResTime" : 52.0,
    "maxResTime" : 11222.0,
    "pct1ResTime" : 5976.9,
    "pct2ResTime" : 6491.249999999999,
    "pct3ResTime" : 7919.449999999999,
    "throughput" : 56.4611480876277,
    "receivedKBytesPerSec" : 25.314184493443864,
    "sentKBytesPerSec" : 34.52498011405152
  },
  "Update_satellite" : {
    "transaction" : "Update_satellite",
    "sampleCount" : 4038,
    "errorCount" : 3,
    "errorPct" : 0.0742942,
    "meanResTime" : 4086.923229321446,
    "medianResTime" : 3879.0,
    "minResTime" : 29.0,
    "maxResTime" : 10453.0,
    "pct1ResTime" : 5820.4,
    "pct2ResTime" : 6273.399999999998,
    "pct3ResTime" : 7593.0300000000025,
    "throughput" : 54.10257784447184,
    "receivedKBytesPerSec" : 24.25514015522,
    "sentKBytesPerSec" : 32.591458461734284
  },
  "Get_overview" : {
    "transaction" : "Get_overview",
    "sampleCount" : 4431,
    "errorCount" : 0,
    "errorPct" : 0.0,
    "meanResTime" : 3818.943579327467,
    "medianResTime" : 3801.0,
    "minResTime" : 31.0,
    "maxResTime" : 12467.0,
    "pct1ResTime" : 5581.6,
    "pct2ResTime" : 6142.399999999992,
    "pct3ResTime" : 7470.760000000002,
    "throughput" : 58.539098727755544,
    "receivedKBytesPerSec" : 58.424764550552894,
    "sentKBytesPerSec" : 24.12451138975863
  },
  "Delete_satellite-37" : {
    "transaction" : "Delete_satellite-37",
    "sampleCount" : 3711,
    "errorCount" : 3,
    "errorPct" : 0.080840744,
    "meanResTime" : 4077.583400700623,
    "medianResTime" : 3856.0,
    "minResTime" : 110.0,
    "maxResTime" : 11574.0,
    "pct1ResTime" : 5885.8,
    "pct2ResTime" : 6419.4,
    "pct3ResTime" : 7739.560000000001,
    "throughput" : 49.7746660228553,
    "receivedKBytesPerSec" : 4.967768564904233,
    "sentKBytesPerSec" : 26.588458360997105
  },
  "Total" : {
    "transaction" : "Total",
    "sampleCount" : 16430,
    "errorCount" : 10,
    "errorPct" : 0.060864273,
    "meanResTime" : 4026.7250760803354,
    "medianResTime" : 3879.0,
    "minResTime" : 29.0,
    "maxResTime" : 12467.0,
    "pct1ResTime" : 5820.9,
    "pct2ResTime" : 6343.0,
    "pct3ResTime" : 7700.760000000002,
    "throughput" : 217.51217962296124,
    "receivedKBytesPerSec" : 112.64170602427981,
    "sentKBytesPerSec" : 117.02606259349847
  },
  "Get_overview-20" : {
    "transaction" : "Get_overview-20",
    "sampleCount" : 4431,
    "errorCount" : 0,
    "errorPct" : 0.0,
    "meanResTime" : 3818.9433536447777,
    "medianResTime" : 3801.0,
    "minResTime" : 31.0,
    "maxResTime" : 12467.0,
    "pct1ResTime" : 5581.6,
    "pct2ResTime" : 6142.399999999992,
    "pct3ResTime" : 7470.760000000002,
    "throughput" : 58.723742628056456,
    "receivedKBytesPerSec" : 58.609047818236036,
    "sentKBytesPerSec" : 24.200604872109206
  },
  "Delete_satellite" : {
    "transaction" : "Delete_satellite",
    "sampleCount" : 3711,
    "errorCount" : 3,
    "errorPct" : 0.080840744,
    "meanResTime" : 4077.583400700622,
    "medianResTime" : 3856.0,
    "minResTime" : 110.0,
    "maxResTime" : 11574.0,
    "pct1ResTime" : 5885.8,
    "pct2ResTime" : 6419.4,
    "pct3ResTime" : 7739.560000000001,
    "throughput" : 49.77399841731829,
    "receivedKBytesPerSec" : 4.967701934426009,
    "sentKBytesPerSec" : 26.58810174178816
  },
  "Add_satellite" : {
    "transaction" : "Add_satellite",
    "sampleCount" : 4250,
    "errorCount" : 4,
    "errorPct" : 0.09411765,
    "meanResTime" : 4141.752705882357,
    "medianResTime" : 4026.0,
    "minResTime" : 52.0,
    "maxResTime" : 11222.0,
    "pct1ResTime" : 5976.9,
    "pct2ResTime" : 6491.249999999999,
    "pct3ResTime" : 7919.449999999999,
    "throughput" : 56.45964795748921,
    "receivedKBytesPerSec" : 25.313511914646295,
    "sentKBytesPerSec" : 34.52406281135835
  }
}